{
    "logistic_regression": {
        "accuracy": 0.883,
        "precision": 0.8704061895551257,
        "recall": 0.9,
        "f1_score": 0.8849557522123894
    },
    "naive_bayes": {
        "accuracy": 0.8584,
        "precision": 0.8478260869565217,
        "recall": 0.8736,
        "f1_score": 0.8605200945626478
    },
    "linear_svm": {
        "accuracy": 0.8746,
        "precision": 0.8717745136959111,
        "recall": 0.8784,
        "f1_score": 0.8750747160789002
    },
    "random_forest": {
        "accuracy": 0.8512,
        "precision": 0.854317998385795,
        "recall": 0.8468,
        "f1_score": 0.8505423865006027
    }
}